True_Data,Base,True_Data_origin,Predicted_Data,Predicted_Data_origin
-0.05954131389628148,1898.01000977,1785.0,-0.1112257,1686.9024718559988
-0.09910555859229364,1874.9699707,1689.15002441,-0.10534746,1677.446656933038
-0.04994536640054359,1902.88000488,1807.83996582,-0.10432012,1704.3713555652994
-0.040307094354330664,1906.85998535,1830.0,-0.047995754,1815.3388175767946
-0.0058351438770010144,1891.9699707,1880.93005371,-0.049300335,1798.6952589656262
-0.028910381945927766,1901.05004883,1846.08996582,-0.047383495,1810.9716681279785
0.01044516743823376,1883.16003418,1902.82995605,-0.021049656,1843.520121224785
0.02580231877548389,1891.30004883,1940.0999755899998,-0.021536551,1850.5680103592904
0.008772693921170083,1869.43994141,1885.83996582,-0.019539766,1832.911508449916
0.050198155615745366,1862.02001953,1955.48999023,0.013137922,1886.4831204798097
0.011800182578449059,1877.93994141,1900.09997559,0.013845429,1903.9408531888223
0.053214413975922525,1864.7199707,1963.9499511699998,0.014031537,1890.8848438411985
0.03050738409090914,1892.0,1949.7199707000002,0.038904212,1965.6067276000977
0.01072340110458292,1887.45996094,1907.69995117,0.039032698,1961.1326149739689
0.018173811034150278,1884.57995605,1918.82995605,0.039471723,1958.967616432698
0.024145350774731345,1861.64001465,1906.5899658200003,0.03179411,1920.8291298199151
0.09257031141037952,1828.33996582,1997.58996582,0.032191984,1887.1978710183153
0.08544447623903961,1853.25,2011.5999755900002,0.032612436,1913.6890099346638
0.09956942949407965,1858.0,2043.0,0.07997015,2006.5844855308533
0.09198791408435913,1870.68005371,2042.76000977,0.07814437,2016.863059301403
0.07972746267574116,2008.7199707,2168.87011719,0.07872851,2166.863594673084
0.1392676000351445,2004.19995117,2283.32006836,0.085512675,2175.5843762584864
0.12587880956136988,2049.66992188,2307.67993164,0.087372094,2228.7538146836105
0.1805605000177144,2039.86999512,2408.18994141,0.089638166,2222.72009423782
0.1584066288288053,2050.22998047,2375.0,0.18054631,2420.391384219131
0.15117255669782037,2079.2800293,2393.61010742,0.1821512,2458.023378419455
0.09101143585202531,2133.90991211,2328.12011719,0.18557027,2529.900086682914
0.09888875607739545,2150.80004883,2363.48999023,0.08626901,2336.3474634829613
0.11085645887500006,2160.0,2399.44995117,0.08866033,2351.5063762664795
0.12110027086207964,2149.87011719,2410.2199707,0.0904403,2344.3049581157297
0.11294826831310201,2134.87011719,2376.0,0.12748644,2407.0371667060786
0.07348534886632718,2155.66992188,2314.08007813,0.12577024,2426.7889832749906
0.0933039014357091,2170.2199707,2372.70996094,0.12377832,2438.846203054282
0.14904086562847496,2153.10009766,2474.0,0.10208029,2372.8892987798317
0.09068358374262453,2095.9699707,2286.04003906,0.102142975,2310.0584847639157
0.15264095536624578,2009.29003906,2315.98999023,0.10178697,2213.809586181694
0.17491410946648345,1972.73999023,2317.80004883,0.17262504,2313.2843589753534
0.18775102438753977,1979.58996582,2351.26000977,0.17285502,2321.772028101198
0.2564931518683009,1884.30004883,2367.61010742,0.17240462,2209.162133352206
0.26323031581685474,1883.75,2379.61010742,0.25640962,2366.761668920517
0.23288725924505993,1953.94995117,2409.0,0.25373617,2449.737666296954
0.23465809838323382,1908.98999023,2356.94995117,0.25275457,2391.495932538315
0.19844317302175662,1975.82995605,2367.91992188,0.19099714,2353.2077946119293
0.2415867014971229,1924.0300293,2388.85009766,0.18883911,2287.3620859802077
0.26757811183364266,1901.08996582,2409.7800293,0.18892775,2260.2586529871837
0.34746559749772077,1800.60998535,2426.26000977,0.33963478,2412.1597545955324
0.29469513361106014,1891.81994629,2449.33007813,0.3394098,2533.922229219203
0.3718462493039263,1820.85998535,2497.93994141,0.34025618,2440.4189104475677
0.45933759885083325,1676.60998535,2446.73999023,0.49431494,2505.383297655463
0.36519881389915954,1785.0,2436.87988281,0.49451134,2667.7027881145477
0.43377442644026076,1689.15002441,2421.86010742,0.49674487,2528.2266356208734
0.33329826652366057,1807.83996582,2410.38989258,0.33829266,2419.4188459350157
0.3120765560983605,1830.0,2401.10009766,0.3361328,2445.1229596138
0.2984906654942323,1880.93005371,2442.37011719,0.33723304,2515.241863705303
0.3385263366416751,1846.08996582,2471.04003906,0.3243601,2444.887951218604
0.2993330824170781,1902.82995605,2472.40991211,0.32399786,2519.3427805947504
0.2774598904813135,1940.09997559,2478.39990234,0.32440197,2569.4722387442125
0.30477672668798417,1885.83996582,2460.60009766,0.31279984,2475.7303513897177
0.2697584812019189,1955.48999023,2483.0,0.31031206,2562.302064021963
0.3283827645996651,1900.09997559,2524.06005859,0.31017265,2489.459071662579
0.3243006044377905,1963.94995117,2600.86010742,0.28659326,2526.8046499122606
0.3578616370326744,1949.7199707,2647.44995117,0.2872807,2509.836847253341
0.34086073618191004,1907.69995117,2557.95996094,0.28849563,2458.0631073369877
0.32633952868290694,1918.82995605,2545.02001953,0.33317757,2558.141051388383
0.34936193820443373,1906.58996582,2572.67993164,0.33124763,2538.143255419875
0.3092126333626457,1997.58996582,2615.27001953,0.33259517,2661.9786201160955
0.31287532934842255,2011.59997559,2640.97998047,0.30223998,2619.5859805280716
0.2990601960205581,2043.0,2653.97998047,0.3017718,2659.5197056531906
0.3095077233625634,2042.76000977,2675.01000977,0.30046225,2656.5322702242843
0.25125983656229245,2168.87011719,2713.82006836,0.2326315,2673.417506419643
0.2106975059767,2283.32006836,2764.40991211,0.23246258,2814.106689866762
0.18491297898350334,2307.67993164,2734.39990234,0.23378858,2847.1892140400164
0.14383837867755056,2408.18994141,2754.5800781299995,0.13816339,2740.9134785825922
0.13384004934315796,2375.0,2692.87011719,0.13990766,2707.280546426773
0.11980638555169709,2393.61010742,2680.37988281,0.1431238,2736.192837602353
0.18499902474527263,2328.12011719,2758.8200683600003,0.15248391,2683.1210457422712
0.21798694433643995,2363.48999023,2878.69995117,0.15394077,2727.327522677996
0.20456775829837825,2399.44995117,2890.3000488300004,0.1561272,2774.069388214601
-0.9365817199848331,2410.2199707,152.852005,0.20026672,2892.906815973638
-0.9368661630050505,2376.0,150.0059966999999,0.20084646,2853.2111263275146
-0.9334268949134674,2314.08007813,154.05549622,0.20228752,2782.1896786095617
-0.9329325948558177,2372.70996094,159.13150023999995,-0.7343989,630.1943721364024
-0.9353274050121261,2474.0,160.00000000000009,-0.5547989,1101.4275187253952
-0.9321096768655824,2286.04003906,155.19999694999993,-0.5536269,1020.426790501854
-0.9334194026742376,2315.98999023,154.19999694999998,-0.73291874,618.5575263155581
-0.935092116002007,2317.80004883,150.44349670000005,-0.6452987,822.1266454805402
-0.9362065469166583,2351.26000977,149.9949951200001,-0.6480902,827.4314780296526
-0.9374481064192686,2367.61010742,148.09849547999997,-0.8388434,381.55598261522005
-0.932828493734504,2379.61010742,159.84199524000002,-0.68595517,747.3042592259814
-0.9348632191780822,2409.0,156.91450499999988,-0.6653374,806.2022425532341
-0.9342389520901538,2356.94995117,154.99549865999995,-0.7497043,589.9344346940452
-0.936937268017306,2367.91992188,149.32749939000007,-0.65992117,805.2794382691624
-0.9370217931391471,2388.85009766,150.44549561000005,-0.6617126,808.1179198695052
-0.9366081151837023,2409.7800293,152.76049804999997,-0.8308372,407.6451608738764
-0.9381696544698764,2426.26000977,150.01649475000008,-0.72689366,662.6269828919046
-0.9380742923282104,2449.33007813,151.67649841000002,-0.71465635,698.9007772081828
-0.9389120644534528,2497.93994141,152.59399414000004,-0.8091323,476.776106395805
-0.9353286437619693,2446.73999023,158.23399353,-0.73268265,654.0560617758694
-0.9361501160653919,2436.87988281,155.5944976799999,-0.72771883,663.5165053762207
-0.9351979508150909,2421.86010742,156.94149779999998,-0.82491773,424.02475634305216
-0.9335163593851316,2410.38989258,160.25149536000006,-0.72185683,670.4334796218876
-0.9328432828947253,2401.10009766,161.25000000000009,-0.71200615,691.5020573358082
-0.9351560191531447,2442.37011719,158.37300110000004,-0.815359,450.9616696218687
-0.9362988853795023,2471.04003906,157.40800476000004,-0.723461,683.3390097869049
-0.9376990472795246,2472.40991211,154.03349303999988,-0.7194826,693.5539985759976
-0.9362040002661728,2478.39990234,158.11199951000003,-0.83529687,408.20022309661084
-0.9357672971644988,2460.60009766,158.05099487,-0.7155258,699.9772296607742
-0.936608537664116,2483.0,157.40100097999996,-0.7062198,729.4562555551529
-0.9369585132816179,2524.06005859,159.12049866000012,-0.82835466,433.2431552757883
-0.9363193368272713,2600.86010742,165.62449646,-0.753031,642.3317798262605
-0.9384222534564047,2647.44995117,163.02400207999995,-0.7414381,684.5297138826818
-0.9355468802180101,2557.95996094,164.86849975999996,-0.8453183,395.66955074753173
-0.9354677011694665,2545.02001953,164.23599243000007,-0.7646081,599.0771357147864
-0.9357195587891961,2572.67993164,165.3730011,-0.74136966,665.3730734192926
-0.9360201844702558,2615.27001953,167.3244934099999,-0.8386699,421.92178390987306
-0.9348376360091251,2640.97998047,172.09249877999994,-0.7464075,669.7326923244078
-0.9359452591010523,2653.97998047,170.0000000000001,-0.73419315,705.4460685805074
-0.9364151925717001,2675.01000977,170.08999634,-0.8311502,451.6749743209332
-0.9364187750832452,2713.82006836,172.54800414999997,-0.75542414,663.7348719919755
-0.9367112695973294,2764.40991211,174.95599365000004,-0.7357927,730.3772887136488
-0.9354255043825537,2734.39990234,176.57249451,-0.8310815,461.89070368011704
-0.9388654571210282,2754.58007813,168.39999389999997,-0.75411314,677.3150523048314
-0.9388269780415937,2692.87011719,164.73100281000015,-0.7391247,702.5032584060801
-0.9412426554161077,2680.37988281,157.4920043899999,-0.86157584,371.0293286562696
-0.9407607266257301,2758.82006836,163.4304962200001,-0.74152285,713.0919524779907
-0.9448516705968344,2878.69995117,158.7554931599999,-0.72658765,787.072109497309
-0.946091754486503,2890.30004883,155.81100464000014,-0.8325245,484.0545081556568
0.015024294512852476,152.852005,155.14849854,-0.7482631,38.47848674090027
0.052001298425425,150.0059967,157.8065033,-0.73770994,39.34508195283174
-0.0009769040618005098,154.05549622,153.90499878,0.025386333,157.96640041924573
-0.05464039053792813,159.13150024,150.43649292,0.02563794,163.21131114094044
-0.07659063337499994,160.0,147.74549866,0.026594162,164.25506591796875
-0.04624032571541892,155.19999695,148.02349854,-0.044638745,148.27206263027662
0.014588174477911275,154.19999695,156.44949341,-0.04090766,147.89203266637077
-0.0029944829114038063,150.4434967,149.99299622,-0.037751026,144.76410139750035
0.006630266757929881,149.99499512,150.98950194999998,0.003571123,150.53065014987024
0.044956599582060885,148.09849548,154.75650024,0.0067391023,149.09655190920438
-0.007128889052523624,159.84199524,158.70249939,0.008703113,161.23311812313943
0.0020998587734131213,156.914505,157.24400330000003,0.012655206,158.90029857275962
0.015748807424108335,154.99549866,157.43649291999998,0.013698593,157.11871656957666
0.07858903549539975,149.32749939,161.06300354,0.015782885,151.68431039001794
0.038582108201145715,150.44549561,156.25,0.07228671,161.32070778530607
0.047129387190421035,152.76049805,159.96000671000002,0.073637,164.00932416888188
0.03320639079256993,150.01649475,154.9980011,0.07573678,161.378258172911
0.05345588667324774,151.67649841,159.78450012,0.023585014,155.2537828447866
0.04543758251480545,152.59399414,159.52749634,0.025140136,156.4302325264139
0.03854109097514358,158.23399353,164.33250427000002,0.026240066,162.386070988839
0.10637909564155223,155.59449768,172.14649963,0.05833218,164.67066778733647
0.09710628300120638,156.9414978,172.18150330000003,0.05990183,166.34258127583
0.04950971422872841,160.25149536,168.1855011,0.061857272,170.16420792641418
0.0352402798139535,161.25,166.93249512,0.045848876,168.64312648773193
0.033228497998071926,158.3730011,163.63549805,0.04951012,166.2140676023152
0.018756983766496926,157.40800476,160.36050415,0.05185502,165.5703918209471
0.04425661721655394,154.03349304,160.85049438000001,0.042463005,160.5742271429413
0.007178421078206654,158.11199951,159.24699402,0.04403785,165.0749071117125
0.004865597022230217,158.05099487,158.82000732,0.044847354,165.13916618841876
0.017909671618658862,157.40100098,160.22000122,0.008994885,158.8168130585887
0.0077394575203750815,159.12049866,160.352005,0.009278603,160.5969228787978
-0.00789737440992544,165.62449646,164.3164978,0.009357244,167.17428031271206
-0.029964879083282603,163.02400208,158.13900757,0.009455301,164.56544671217011
-0.026190528671551694,164.86849976,160.55050659,0.010760076,166.64249617577448
-0.07567462604335795,164.23599243,151.80749512,0.012895986,166.35397021905453
-0.09160505027564625,165.3730011,150.22399902,-0.0776824,152.52643346353258
-0.0890723850182551,167.32449341,152.42050171,-0.07197326,155.28160343576337
-0.058308759481887185,172.09249878,162.05799866,-0.06923508,160.17765975111212
-0.022941140588235265,170.0,166.1000061,-0.046133645,162.15728163719177
-0.026582983933762905,170.08999634,165.5684967,-0.045983367,162.2686844044316
-0.0890245457527653,172.54800415,157.18699646,-0.043791585,164.99185233094914
-0.1326332758649107,174.95599365,151.75100708,-0.097749345,157.85415856256708
-0.11158582612018397,176.57249451,156.86950684,-0.092307515,160.27352756188776
-0.07652011161979033,168.3999939,155.51400757,-0.090198316,153.21059432566
-0.050327483525139605,164.73100281,156.44050598,-0.05296413,156.00616511833886
-0.005962274869997342,157.49200439,156.55299377,-0.049233727,149.73808484302856
-0.040674730933029535,163.43049622,156.78300476,-0.04560151,155.97782254511554
-0.021936237233001976,158.75549316,155.272995,-0.009981401,157.17089206262045
0.00025667814730034877,155.81100464,155.85099792,-0.00825014,154.52554557478672
-0.0011504933768596848,155.14849854,154.97000122,-0.0059902743,154.21911764013734
-0.01829461149970235,157.8065033,154.91949463,-0.016003422,155.28105798830308
0.012982041622027207,153.90499878,155.90299988,-0.0137973055,151.78152793015255
0.05860945817640628,150.43649292,159.25349426,-0.011369579,148.7260922775758
0.08136626658023971,147.74549866,159.76699829000003,0.08131902,159.76001109727386
0.07011382896882035,148.02349854,158.4019928,0.083414555,160.37081274044795
0.029111659556891212,156.44949341,161.0039978,0.086313896,169.95325053537655
0.06789318465952565,149.99299622,160.17649841,0.07602187,161.39575023633097
0.05528198995426914,150.98950195,159.33650208,0.078057766,162.77540515573475
0.021792283715190264,154.75650024,158.1289978,0.080707915,167.24657357373863
-0.005056665730436394,158.70249939,157.8999939,9.916723e-06,158.7040696514128
0.010305630841185742,157.2440033,158.86450195,0.0027085245,157.66990721623728
-0.014142122761406917,157.43649292,155.21000671,0.005335711,158.27652501908085
-0.037181165124073656,161.06300354,155.07449341,-0.032472305,155.83291536484782
-0.0027456054399999097,156.25,155.82099915,-0.028247543,151.83632262051105
-0.013200244695088403,159.96000671,157.84849548,-0.024778955,155.9963637605682
0.02101959752305471,154.9980011,158.2559967,0.021183163,158.2813443914575
0.014165979981162646,159.78450012,162.04800415,0.023702137,163.57173545032646
0.014270295480273143,159.52749634,161.80400085,0.02669917,163.78675053661684
-0.02586219944057566,164.33250427,160.08250427,-0.012034543,162.35483892867407
-0.06876406964674098,172.14649963,160.30900574,-0.008707337,170.64756074774155
-0.06885466233468529,172.1815033,160.32600403,-0.0052861497,171.27132481847082
-0.05304855062800651,168.1855011,159.26350403,-0.041664027,161.17821965462156
-0.04970864949951748,166.93249512,158.63450623,-0.038242348,160.54860586990083
0.0034375181834207513,163.63549805,164.19799805,-0.03463321,157.96827397024478
0.03579124411227408,160.36050415,166.10000609999997,0.025756381,164.49080688039925
0.02139876139807506,160.85049438,164.29249573,0.027668662,165.30102078993437
0.022603268477067395,159.24699402,162.84649658,0.0306945,164.13499844317076
0.0032205631937127777,158.82000732,159.33149719,0.029390141,163.4877426873801
0.004403353917288078,160.22000122,160.92550659,0.032295227,165.39434253747635
-0.02140914078374012,160.352005,156.91900635,0.034737512,165.9222276048702
-0.03778376592201205,164.3164978,158.10800171,-0.041764326,157.45393117828016
0.006298173709982091,158.13900757,159.13499451,-0.03756254,152.1989033312767
-0.030146348914114607,160.55050659,155.710495,-0.03451488,155.00912126432786
0.027890643914868063,151.80749512,156.04150391,0.029390454,156.2691863665525
0.053723077954578535,150.22399902,158.29449463,0.032368436,155.086512747892
0.025934850532910003,152.42050171,156.37350464,0.035551153,157.83923198354057
-0.042241079222272604,162.05799866,155.2124939,-0.030879907,157.05366147510748
-0.060578033416460064,166.1000061,156.03799438,-0.027291305,161.56692135024062
-0.014492433028172824,165.5684967,163.16900635,-0.02371452,161.64211556673874
0.05192863458064201,157.18699646,165.34950256,0.04126589,163.6734507388962
0.08474730505887318,151.75100708,164.61149596999996,0.0432847,158.3194970092867
0.0499172227142064,156.86950684,164.69999695,0.046354316,164.14108205196848
0.06939886572688381,155.51400757,166.3065033,0.06182598,165.12881515214704
0.03316591050059192,156.44050598,161.6289978,0.06388965,166.43543088022793
0.03403322288315769,156.55299377,161.8809967,0.0658825,166.86708767484282
0.02249601482889707,156.78300476,160.30999756,0.034835897,162.2446872663218
0.07645245839432668,155.272995,167.14399719,0.036706515,160.9725335648507
0.0843690592648596,155.85099792,169.0,0.038609892,161.86838349330648
0.06876488388789337,154.97000122,165.62649536,0.091430545,169.13899286744729
0.07507453111551632,154.91949463,166.55000305000002,0.09219055,169.20160093084402
0.075075516821415,155.90299988,167.60749817,0.09462678,170.65559942521008
0.04328639030516679,159.25349426,166.14700317,0.055317953,168.06307872620758
0.034318737716080516,159.76699829,165.25,0.057116635,168.89235044898626
0.03741747086151559,158.4019928,164.32899475,0.05828977,167.63520794361094
0.013058735054589876,161.0039978,163.10650635,0.022375107,164.60647944785728
0.02315570434375558,160.17649841,163.88549805,0.02369605,163.97205111963245
0.025800694607541752,159.33650208,163.44749451,0.025532678,163.40479676745025
0.04618386976205824,158.1289978,165.43200684,0.03434898,163.56056516208105
0.05390440436236155,157.8999939,166.41149902,0.035335332,163.4794379259784
0.022852765252382445,158.86450195,162.49499512,0.03680381,164.71132591418205
0.024656888631868323,155.21000671,159.03700256,0.04907564,162.82703145622082
0.029988894935188082,155.07449341,159.7250061,0.051853724,163.11569145119768
0.013833195280213983,155.82099915,157.97650146,0.05456578,164.32349464888713
-0.03161571958493781,157.84849548,152.85800171,0.004429467,158.54767900920416
-0.022807963965134292,158.2559967,154.64649963,0.0074582845,159.43632202138056
-0.029256746078843876,162.04800415,157.30700684,0.010144122,163.69183765767426
-0.043741189048601914,161.80400085,154.72650146,-0.025442056,157.68737313591322
-0.06142147959789657,160.08250427,150.25,-0.02359379,156.30555234154963
-0.07130299029200382,160.30900574,148.87849426,-0.021281667,156.8973640485269
-0.06426286922283742,160.32600403,150.022995,-0.06960525,149.16647543847674
-0.07324967789106607,159.26350403,147.59750366,-0.067482926,148.51593322095343
-0.03462049039971982,158.63450623,153.14250183,-0.06513993,148.30106253349746
-0.06891676149762904,164.19799805,152.88200378,-0.062472336,153.94016432286782
-0.0627363114226881,166.1000061,155.67950439,-0.06063465,156.02858660433313
-0.05975923079368772,164.29249573,154.47450256,-0.05723942,154.88848967116152
-0.053808323384441636,162.84649658,154.08399963,-0.04925906,154.82483016236495
-0.029739850271722545,159.33149719,154.59300232,-0.046878643,151.86225394848395
-0.02572002200089507,160.92550659,156.78649902,-0.044733517,153.72674152684402
-0.03517420138188365,156.91900635,151.39950562,0.0016823038,157.18298829046154
-0.027576090791388563,158.10800171,153.7480011,0.003977485,158.73688216132825
-0.022568836672654746,159.13499451,155.54350281,0.0071334466,160.27018142915017
0.0074786545377045766,155.710495,156.87499999999997,0.0020371974,156.0277033674735
-0.010817657467423358,156.04150391,154.35350037,0.004801348,156.79072042518143
-0.037787107530057984,158.29449463,152.31300354,0.007845946,159.53647288825962
-0.02412175380147563,156.37350464,152.60150146,-0.022586323,152.84159861016389
-0.009187371739022065,155.2124939,153.78649902,-0.019413732,152.19924361084708
-0.020978855457652323,156.03799438,152.76449585,-0.01712101,153.36646522881696
-0.05187879603705137,163.16900635,154.70399475,-0.058968894,153.54710926479402
-0.044145881281688504,165.34950256,158.05000305,-0.055246197,156.21457511528538
-0.019895292675044085,164.61149597,161.33650208,-0.05154241,156.12702418385228
-0.021305420491691263,164.69999695,161.19099426,-0.018438302,161.66321235138105
-0.014052400679631205,166.3065033,163.96949768,-0.015964173,163.65156126403573
0.02063985166899296,161.6289978,164.96499634,-0.01262369,159.5886470383443
0.04156759624151718,161.8809967,168.61000061,0.021685615,165.39148328748752
0.05401721821347394,160.30999756,168.96949768,0.024321131,164.2089097158894
0.017087079751679335,167.14399719,170.0,0.027229287,171.69521275069266
-0.013905361538461558,169.0,166.6499939,0.010601208,170.79159653186798
0.020093421180991333,165.62649536,168.95449829,0.014127992,167.96646147489
0.020546364499151037,166.55000305,169.97200012,0.018203355,169.5817756654015
0.005924533334378701,167.60749817,168.60049438,0.016898468,170.43981562995145
0.00353598854502879,166.14700317,166.73449706999997,0.019546807,169.39463664027122
0.017252634916792742,165.25,168.10099792,0.022411428,168.95349469780922
0.006833858514795121,164.32899475,165.45199585,0.025805317,168.56956265143575
0.02414066788697422,163.10650635,167.04400635,0.027359508,167.5690164660259
0.04005539830008176,163.88549805,170.44999695,0.029293329,168.6862449004699
0.045421382886635664,163.44749451,170.87150574,0.04384982,170.6146386813648
0.045293509721168634,165.43200684,172.92500305,0.045432888,172.9480668364683
0.0429898594876561,166.41149902,173.56550598000004,0.048070095,174.41091194718933
0.0669313357741772,162.49499512,173.3710022,0.0707442,173.99056654007214
0.06468614652190041,159.03700256,169.32449341,0.07365897,170.75150009449126
0.036741271159043576,159.7250061,165.59350586,0.07700646,172.02486327123268
0.03513491746369235,157.97650146,163.5269928,0.051310427,166.08234210578027
0.0815167989284582,152.85800171,165.3184967,0.053625092,161.05502837869477
0.06423686125303596,154.64649963,164.58050536999997,0.054322645,163.0472996271979
0.01409663068763023,157.30700684,159.52450562,0.045301147,164.43320285455877
0.04180921877608901,154.72650146,161.19549561,0.044519454,161.61483625037832
0.048898503294509066,150.25,157.59700012,0.044223808,156.8946237564087
0.06176182379935913,148.87849426,158.07350159,0.059679996,157.76356057116536
0.07413536351543959,150.022995,161.14500427,0.06081401,159.1464968711418
0.10787443334188973,147.59750366,163.51950073,0.062184446,156.7757736908211
0.05531773660981476,153.14250183,161.61399841,0.06804383,163.56290388562724
0.05695891174039658,152.88200378,161.58999634,0.06822255,163.31199975874446
0.043066030600946936,155.67950439,162.38400269,0.06898528,166.4190898367689
0.03676661394519787,154.47450256,160.15400696,0.051102087,162.36846510836415
0.05299380110594032,154.08399963,162.24949646,0.05101105,161.94399171088784
0.0540742268055332,154.59300232,162.95249939,0.05130414,162.52425747084965
0.04127585366374231,156.78649902,163.25799561,0.040606387,163.15303110108923
0.06675046591872724,151.39950562,161.50549316,0.042355224,157.8120589001499
0.048166494959393624,153.7480011,161.15350342,0.04430805,160.56027773670198
0.03464620644799776,155.54350281,160.93249512,0.038078837,161.46641040272488
0.030753742852589694,156.875,161.69949341,0.039497904,163.0712255835533
0.03237370061593503,154.35350037,159.35049438000001,0.041111834,160.69925475810615
0.05251029730957657,152.31300354,160.31100464,0.048233047,159.65952154826937
0.047830433581370846,152.60150146,159.90049744,0.050122432,160.2502519439143
0.061247290301959856,153.78649902,163.20550537000003,0.05238013,161.84184890920594
0.07392424010019072,152.76449585,164.05749512,0.06961501,163.39919721344577
0.0825996991263862,154.70399475,167.48249817,0.07120328,165.71941915035293
0.058788381719047544,158.05000305,167.34150696,0.07313767,169.60940742570156
0.048699423371061146,161.33650208,169.1934967,0.04022543,167.82632525201672
0.0494165317148656,161.19099426,169.15649414,0.04310607,168.13930600903106
0.04142843252015771,163.96949768,170.76249695,0.046047963,171.5199529670792
0.0575698450623201,164.96499634,174.46200562,0.037191115,171.10023468802459
0.03401340720747181,168.61000061,174.34500122,0.03970626,175.30486810210104
0.022066115015984433,168.96949768,172.69799805,0.042490087,176.14903270733413
0.031011783352941302,170.0,175.27200317000003,0.019866481,173.37729930877686
0.05125112914870611,166.6499939,175.19099426,0.023933291,170.63847677168994
0.020712656338947033,168.95449829,172.45399475,0.026860371,173.49267631777303
0.0005942033389541024,169.97200012,170.07299805,0.016782425,172.82453872341236
0.021316719225624947,168.60049438,172.19450378,0.019185185,171.83512612868034
0.03402115764692959,166.73449707,172.40699768,0.021113582,170.254868234567
0.023241966070060682,168.10099792,172.00799560999997,0.026704282,172.59001931020623
0.037451967008109044,165.45199585,171.64849854,0.027564488,170.01260162588127
0.05091466497863961,167.04400635,175.54899597,0.02817759,171.7509087138911
0.0782458542015243,170.44999695,183.78700255999996,0.032570057,176.0015541114132
0.08168412251974799,170.87150574,184.82899475,0.034433804,176.75526812060122
0.07890988763524565,172.92500305,186.57049561,0.037367344,179.3867511083254
0.07145134737445469,173.56550598,185.96699524,0.07882011,187.24595814374663
0.07242562556981058,173.3710022,185.92750549,0.08231753,187.64248540068908
0.085891311511469,169.32449341,183.86799621999998,0.085950755,183.87805760325637
0.11166194998995116,165.59350586,184.08399963,0.112056434,184.14933351595772
0.11027540133423175,163.5269928,181.55999756,0.1131247,182.02593941432445
0.08083189036160654,165.3184967,178.6815033,0.11487466,184.30939310653068
0.07837503020786851,164.58050537,177.47950745,0.086660534,178.8431349700815
0.11995018837783489,159.52450562,178.65950012,0.088029906,173.5674257476395
0.11206577970209342,161.19549561,179.25999451,0.089837946,175.67696183468593
0.15421933400695242,157.59700012,181.90150452,0.13913964,179.5249919126863
0.15662649900814407,158.07350159,182.83200073,0.13948862,180.12294952140684
0.14797848154228754,161.14500427,184.99099731000004,0.14033298,183.7589560408582
0.10885553692700523,163.51950073,181.31950378,0.1320516,185.1125103239806
0.12314532315146631,161.61399841,181.51600647,0.13252847,183.03244695812035
0.11390560230765834,161.58999634,179.9960022,0.13350873,183.16366381629354
0.024605247954305076,162.38400269,166.37950134,0.10942023,180.15208954554328
0.04008640365522309,160.15400696,166.57400512999996,0.11017955,177.7997023357764
0.03736529315821091,162.24949646,168.31199646,0.111819565,180.39215495285657
0.029355137588601865,162.95249939,167.73599243000004,0.0345881,168.58871649395945
0.03394323125979004,163.25799561,168.79949951,0.036186926,169.1658018433322
0.03554987974503154,161.50549316,167.24699402,0.036993995,167.48022420969934
0.03685928207542033,161.15350342,167.09350586,0.036745466,167.07515804430608
0.031699635652799873,160.93249512,166.03399657999998,0.03559061,166.6601870103645
0.01797164480059088,161.69949341,164.60549927,0.03485205,167.33504866462002
0.03655155694785872,159.35049438,165.17500305,0.032575876,164.54147150007105
0.02736865731615068,160.31100464,164.69850159,0.033213302,165.63545536361997
0.03157586155661929,159.90049744,164.94949341,0.034285843,165.38281131957555
-0.006785911832380864,163.20550537,162.0980072,0.012780324,165.29132211399522
-0.024360304154813384,164.05749512,160.06100464,0.015133932,166.54033746737986
-0.04833341578045558,167.48249817,159.38749695,0.017743647,170.45423852997575
-0.04388635870092561,167.34150696,159.99749756,-0.044356085,159.91888905262866
-0.03487128054609201,169.1934967,163.29350281,-0.040957622,162.2637321177899
-0.022863400543162826,169.15649414,165.28900146,-0.038104527,162.71086473248852
-0.03398578390253515,170.76249695,164.95899963,-0.028791077,165.8460619495955
-0.04964979359957,174.46200562,165.80000305,-0.026100852,169.90839480274656
-0.03936731665359994,174.34500122,167.48150635,-0.022897936,170.35285657283802
-0.00937759324535492,172.69799805,171.07850647,-0.027597569,167.93195700498214
-0.00988462583108396,175.27200317,173.539505,-0.025390737,170.82171657046075
-0.00708368209931054,175.19099426,173.94999695,-0.022332452,171.2785536640537
0.004070715271152103,172.45399475,173.15600586,0.01195699,174.51601512112885
0.022516791812384973,170.07299805,173.90249634,0.015797585,172.7597458038092
0.018990089394361975,172.19450378,175.4644928,0.019646108,175.57746588777272
0.022435262327224592,172.40699768,176.2749939,0.020091586,175.87091867726048
0.012790085322476274,172.00799561,174.20799255000003,0.022047296,175.80030426908706
0.010539012839535289,171.64849854,173.45750427000002,0.023780115,175.7303182871805
-0.015326152708157736,175.54899597,172.85850525,-0.008145653,174.11903873882073
-0.06141349716128697,183.78700256,172.5,-0.005274102,182.81768840671486
-0.059728127423578914,184.82899475,173.789505,-0.0025513917,184.35742633720292
-0.06516835907117735,186.57049561,174.41200256,-0.063869946,174.6542467951876
-0.0690498232948703,185.96699524,173.12600708,-0.060263284,174.76001486033496
-0.09757032141204991,185.92750549,167.78649902,-0.056107588,175.49556297847744
-0.09075256848959423,183.86799622,167.1815033,-0.08208377,168.77541943548331
-0.0819272572320956,184.08399963,169.00250244,-0.07611155,170.07308014922725
-0.05926412565876005,181.55999756,170.80000305,-0.072229184,168.44606299283487
-0.04144526536452087,178.6815033,171.27600098,-0.040535994,171.43847230810198
-0.04050898192866259,177.47950745,170.28999329,-0.038018174,170.7320618933355
-0.07198887247172037,178.65950012,165.79800415,-0.035011686,172.4043257388042
-0.07923683579722329,179.25999451,165.05599976,-0.07286321,166.19853388335054
-0.09702781550143502,181.90150452,164.2519989,-0.06890989,169.3666930352075
-0.10211016821704955,182.83200073,164.16299438,-0.065967314,170.7710633763934
-0.13785535118373815,184.99099731,159.48899841,-0.108127914,164.98831072867975
-0.11178886058828819,181.31950378,161.05000305,-0.104273565,162.41267404717615
-0.10145392931528407,181.51600647,163.10049438,-0.10087379,163.20580288522734
-0.08263792683279936,179.9960022,165.12150574,-0.089482166,163.88956605142943
-0.011711187762356579,166.37950134,164.43099976,-0.08621804,152.0345836666024
-0.025568231289606835,166.57400513,162.31500244,-0.08218991,152.88330137999466
-0.03532425338091072,168.31199646,162.36650085,-0.03161923,162.9900972355941
-0.020997210312329373,167.73599243,164.21400452,-0.028771125,162.91004301086107
-0.022550441802551058,168.79949951,164.99299622,-0.025861822,164.43404066135108
0.019157354837820773,167.24699402,170.45100403,-0.011353113,165.34821630032556
0.03138063165897842,167.09350586,172.33700562,-0.00901369,165.5873730532412
0.037182190498109335,166.03399658,172.20750427000002,-0.006161362,165.01100598212759
0.03734690965528653,164.60549927,170.75300598,0.049617007,172.77273889964545
0.03980929540536815,165.17500305,171.75050354,0.05290769,173.91403343545335
0.012623033785549742,164.69850159,166.77749634,0.05553674,173.8453206005847
0.006480773101514625,164.94949341,166.01849364999998,0.013663977,167.20336447342805
0.04136688800699817,162.0980072,168.80349730999998,0.016571015,164.78414055905762
0.059749042819702725,160.06100464,169.62449646,0.019191422,163.13279689396978
0.08119212464990033,159.38749695,172.32850647000004,0.066590056,170.0011216444995
0.05390089414845978,159.99749756,168.62150574,0.06874129,170.99593698916257
0.01599573446004876,163.29350281,165.90550231999998,0.071324944,174.94040283450596
0.0021084009638980827,165.28900146,165.63749695,0.006277576,166.32661328032628
0.025709402515246227,164.95899963,169.19999695,0.010521464,166.6946012110184
0.04855249036136855,165.80000305,173.85000609999997,0.013194837,167.98770083461363
0.050560729029411444,167.48150635,175.94949341,0.038178526,173.87570961127798
0.019701473490423727,171.07850647,174.44900513,0.038123235,177.60057514308767
0.030379180348589774,173.539505,178.81149291999998,0.03972403,180.43318696864662
0.0008766676784928151,173.94999695,174.10249329,0.030848145,179.31603176301576
0.0027085063418430533,173.15600586,173.62500000000003,0.032925144,178.85718967911617
0.013542134411892892,173.90249634,176.25750732,0.035094984,180.00560034933068
0.010369640894092091,175.4644928,177.28399658,0.0064042434,176.58821665820082
0.004311500702312676,176.2749939,177.03500366,0.007555604,177.60685794566479
0.018609963598940515,174.20799255,177.44999695,0.008929074,175.76349819026595
0.0654078908130713,173.45750427,184.80299377,0.024135783,177.6440447615249
0.06346231678987624,172.85850525,183.82850646999998,0.025418095,177.25223019297212
0.03552750295652163,172.5,178.62849425999997,0.026844174,177.1306148171425
0.02999314544339149,173.789505,179.0019989,0.030540228,179.09707608759282
0.026423009439471512,174.41200256,179.02049255,0.034579895,180.4431474730293
0.012141386412433564,173.12600708,175.22799683,0.037274554,179.57920958341757
0.06133990225741104,167.78649902,178.07850647,0.046802625,175.63935012399045
0.04888098807997743,167.1815033,175.35350037,0.048505597,175.29073317505797
0.018837012198267278,169.00250244,172.18600463999996,0.050226316,177.490878026336
0.006252887300519427,170.80000305,171.86799622,0.0086444765,172.27647712307274
-0.01043052745147055,171.27600098,169.48950195,0.010450169,173.06585655531222
0.006333352002447334,170.28999329,171.36849975999996,0.011792004,172.29804344042546
0.06252488323454886,165.79800415,176.164505,0.036288902,171.81462428975547
0.06726205055340562,165.05599976,176.15800476,0.03808278,171.3418006694392
0.06038895365918151,164.2519989,174.17100525,0.040200643,170.85502634305732
0.04903060686970906,164.16299438,172.21200562,0.061963525,174.33511763606242
0.06319248707105851,159.48899841,169.56750488,0.062532365,169.4622322297171
0.04993172156292003,161.05000305,169.09150696,0.06308469,171.20979765049134
0.06262708214851709,163.10049438,173.31500244,0.037752673,169.25796672418284
0.022707499203065362,165.12150574,168.8710022,0.039135136,171.58355212455854
0.033974749762234246,164.43099976,170.01750183,0.04057443,171.10269408298097
0.029350289488865977,162.31500244,167.07899475,0.048854746,170.24485459723135
0.04958231259437773,162.36650085,170.41700745,0.050123475,170.50487054690277
0.041549428503030006,164.21400452,171.03700256,0.051326424,172.64251722963164
0.03682277805234224,164.99299622,171.06849670000003,0.037358083,171.15681209283804
-0.004584950405234656,170.45100403,169.66949463,0.03808853,176.9432373418469
-0.009725190094665992,172.33700562,170.66099548,0.038865745,179.03502201822587
-0.017458590162750198,172.20750427,169.20100403,-0.0072432384,170.96016811325057
-0.012348276025354266,170.75300598,168.64450073,-0.0054899603,169.81558129828917
-0.02930709486291394,171.75050354,166.71699524,-0.003336154,171.1775212625091
0.02174753176894928,166.77749634,170.40449523999996,0.0022915676,167.15967700837118
0.009056277327571083,166.01849365,167.52200317,0.004728429,166.8035015500744
-0.026341294764966938,168.80349731,164.35699463,0.0072599873,170.02900478271496
-0.037556477943633815,169.62449646,163.2539978,-0.027406,164.97577136911946
-0.05672018994548422,172.32850647,162.55400085,-0.023318745,168.31001808579973
-0.04231674529702245,168.62150574,161.48599243,-0.020409547,165.18002099736083
-0.003275978206869201,165.90550232,165.36199951,-0.023998417,161.92402919104973
-0.0025990263553062887,165.63749695,165.20700073,-0.020732917,162.20334478932062
-0.047198537671132135,169.19999695,161.21400452,-0.017757557,166.19542208541355
-0.0673684509580239,173.8500061,162.13800049,-0.06672662,162.24958194268626
-0.09680049285684378,175.94949341,158.91749573,-0.062053017,165.0312951373663
-0.10404191841893595,174.44900513,156.29899597,-0.058479764,164.247264656182
-0.15180230726077648,178.81149292,151.66749573,-0.118830346,157.56326542099094
-0.18069521765893615,174.10249329,142.64300537,-0.113882385,154.2752899773539
-0.16749312397408211,173.625,144.54400635,-0.109827064,154.55627989768982
-0.20578706372006117,176.25750732,139.98599243,-0.17480454,145.44688984493067
-0.21666647729631194,177.28399658,138.87249756,-0.1714012,146.89730635050495
-0.21124357294799623,177.03500366,139.63749695,-0.16631138,147.59206731810121
-0.18862778639230637,177.44999695,143.97799683,-0.20879152,140.3999469109451
-0.1906326919348802,184.80299377,149.57350159,-0.20408222,147.0879828847075
-0.1775296464986833,183.82850647,151.1934967,-0.20039153,146.99083061876118
-0.15683942993563926,178.62849426,150.61250305,-0.15217885,151.4450094328399
-0.22433545092663199,179.0019989,138.84550476,-0.14937955,152.26276060270385
-0.11943323580136134,179.02049255,157.63949585,-0.14543441,152.98475828430782
-0.0986856897461229,175.22799683,157.9355011,-0.09187346,159.1291932512762
-0.09358236926143293,178.07850647,161.41349792,-0.09698739,160.80714106582082
-0.08077398763134835,175.35350037,161.1894989,-0.09228348,159.1712678420969
-0.07655970883093255,172.18600464,159.00349426,-0.060761668,161.72369197965924
-0.10807418378360378,171.86799622,153.29350281,-0.0576893,161.9530502581988
-0.08450372639731507,169.48950195,155.16700745,-0.055365317,160.10566075648444
-0.0867020586094206,171.36849976,156.51049805,-0.09038999,155.8785067278997
-0.10254058057836346,176.164505,158.10049438,-0.0878833,160.6825880801317
-0.12208079019343687,176.15800476,154.65249634,-0.084735356,161.23119740406412
-0.1238409559561292,174.17100525,152.60150146,-0.10928591,155.13657174512392
-0.12783377692364162,172.21200562,150.19749451,-0.104884766,154.14959355012095
-0.14590359778843498,169.56750488,144.82699585,-0.10230803,152.21938667336508
-0.1048751978666499,169.09150696,151.35800171,-0.13730225,145.8748576149771
-0.11266482557826984,173.31500244,153.78849792,-0.13107193,150.59827141051252
-0.09064906621368995,168.8710022,153.56300354,-0.12796623,147.2612175116335
-0.11102094394301565,170.01750183,151.14199829,-0.09283968,154.23313506182512
-0.08993643565119669,167.07899475,152.05250549,-0.088890634,152.22724063337654
-0.13213768535753034,170.41700745,147.89849854,-0.08529814,155.88075693224818
-0.14848246700938905,171.03700256,145.64100647,-0.13127497,148.58413055345162
-0.19650312254132296,171.0684967,137.45300293,-0.12572142,149.56151645515752
-0.1983562151428092,169.66949463,136.01449585,-0.12244088,148.8950133185384
-0.1838849494094138,170.66099548,139.27900696,-0.19445676,137.4748119036094
-0.13228939909854986,169.20100403,146.81750488,-0.188295,137.34129983372358
-0.13709308640318563,168.64450073,145.52450562,-0.18398225,137.6169055170458
-0.14913895475507244,166.71699524,141.85299683,-0.1283252,145.32299949410236
-0.13519593105541594,170.40449524,147.36650085,-0.124171294,149.24514470745427
-0.08606630166288509,167.52200317,153.10400391,-0.120573886,147.3232255491734
-0.043308142960535534,164.35699463,157.23899841,-0.06954851,152.92621421660348
-0.012272252361344549,163.2539978,161.25050354,-0.06839696,152.08791647461945
-0.006536289445009946,162.55400085,161.49150085,-0.065270014,151.94410013245593
0.021073128937019625,161.48599243,164.88900757,0.0028615445,161.94808456284133
-0.01181646784503132,165.36199951,163.40800476,0.0060690567,166.36559209139773
-0.009427536987645091,165.20700073,163.64950562,0.009530194,166.78145428336188
0.022079310234852434,161.21400452,164.77349854,0.017714247,164.0697916355337
0.042263339003139055,162.13800049,168.99049377,0.020002164,165.38110531766833
0.06542707372928458,158.91749573,169.31500244,0.022027247,162.41801179011367
0.0639927264914728,156.29899597,166.30099487,0.08435036,169.4828705969279
0.07470290041690775,151.66749573,162.99749755999997,0.085875794,164.6920556139505
0.1466387513060572,142.64300537,163.55999756,0.08785632,155.17509100490474
0.1646729659088353,144.54400635,168.34649658,0.13361502,163.85725620663405
0.17193863351746197,139.98599243,164.05499268,0.1349179,158.87260229548406
0.14317809133813064,138.87249756,158.7559967,0.1375094,157.96876387801495
0.12995795231489904,139.63749695,157.78450011999996,0.13549311,158.55742256767974
0.0728062509605345,143.97799683,154.460495,0.13557471,163.49777033340044
0.010352718987916676,149.57350159,151.12199402,0.13664006,170.0112355969401
-0.002685238511320187,151.1934967,150.7875061,0.00213594,151.51644480698874
0.0327230290991436,150.61250305,155.54100036999998,0.00427144,151.25582749629484
0.0926280793334342,138.84550476,151.70649719000002,0.005678341,139.6339106466779
-0.030794897965286783,157.63949585,152.78500366,-0.03249029,152.51773928029573
0.0011396593466723726,157.9355011,158.11549377,-0.0281718,153.48617726808962
-0.045940995738009915,161.41349792,153.9980011,-0.024056993,157.5303780697225
-0.07998966271369168,161.1894989,148.29600525,-0.04182764,154.4473259409957
-0.09215827757872319,159.00349426,144.3500061,-0.037857763,152.9839763988572
-0.04709591435814631,153.29350281,146.07400513,-0.03473819,147.96836505337245
-0.1016711041816254,155.16700745,139.39100647,-0.053911828,146.8016739781981
-0.11720294056019076,156.51049805,138.16700745,-0.051256247,148.48835849111114
-0.08541401374459123,158.10049438,144.59649658,-0.04783102,150.5383898076077
-0.19638218126935403,154.65249634,124.28150177,-0.06321769,144.8757212951629
-0.18414957383211583,152.60150146,124.5,-0.061882652,143.1581123873255
-0.17273252596282618,150.19749451,124.25350189,-0.058803357,141.36537423502102
-0.1304901646898312,144.82699585,125.92849731,-0.13986441,124.57084849313962
-0.2309161302021262,151.35800171,116.40699768,-0.13536376,130.869613854145
-0.25369906961635014,153.78849792,114.77249908,-0.13249001,133.4130538525488
-0.29156763704701383,153.56300354,108.78900146,-0.24372631,116.13565885645815
-0.2797567691864874,151.14199829,108.85900116,-0.23750567,115.2449160616857
-0.3070025297483179,152.05250549,105.37200165,-0.23354426,116.54152010565262
-0.2770007993618675,147.89849854,106.93049622,-0.28135216,106.28693616580435
-0.22374197315583833,145.64100647,113.05500031,-0.2713752,106.11765222711534
-0.19382990012643153,137.45300293,110.8105011,-0.26749292,100.68530188787162
-0.1517926156397983,136.01449585,115.36849976,-0.18385646,111.00734842465184
-0.23095012387069935,139.27900696,107.11250305,-0.17858183,114.40630648175035
-0.2690313029926763,146.81750488,107.31900024,-0.17536044,121.07152244720228
-0.2606674528003802,145.52450562,107.59100342,-0.25124347,108.9624235524965
-0.24177139987462604,141.85299683,107.55699921,-0.24646413,106.89132091558683
-0.2935979488584023,147.36650085,104.09999847,-0.24161121,111.76109750706578
-0.302598241697414,153.10400391,106.77500153,-0.31070206,105.5342705975291
-0.2935753819776573,157.23899841,111.07749939,-0.29927728,110.18093463013649
-0.28591541048157654,161.25050354,115.14649963,-0.29396293,113.84882894757328
-0.2556295375466503,161.49150085,120.20950317000002,-0.2896311,114.71853524615229
-0.26202480139046413,164.88900757,121.68399811,-0.2868757,117.58635401304345
-0.2319164426838205,163.40800476,125.51100159,-0.28113058,117.46902213290866
-0.25236560901014227,163.64950562,122.34999847000002,-0.23586935,125.04960342084264
-0.24265733248537968,164.77349854,124.79000091999998,-0.23333097,126.3267391122964
-0.27214840754648684,168.99049377,123.0,-0.22771367,130.50904247439198
-0.2842925992164077,169.31500244,121.18000030999998,-0.2689306,123.78101487531387
-0.3015676086556416,166.30099487,116.15000152999998,-0.26050973,122.9779676998975
-0.32729027640662145,162.99749756,109.65000153,-0.25495136,121.44106423231277
-0.36616532332748464,163.55999756,103.66999817,-0.3135343,112.27833479276651
-0.39226535960977826,168.34649658,102.30999756,-0.29890728,118.02650319508594
-0.3436956936750022,164.05499268,107.66999816999999,-0.29416534,115.7956945906281
-0.34704826390976884,158.7559967,103.66000366,-0.3151481,108.72434356995247
-0.32680332263805123,157.78450012,106.22000122,-0.31071204,108.7589562908542
-0.2963896670795987,154.460495,108.68000030999998,-0.30437058,107.44726422481985
-0.2790592947338877,151.12199402,108.94999695,-0.28085694,108.67832913672902
-0.25431486103741585,150.7875061,112.44000244,-0.27642605,109.1059073448951
-0.25125851831372015,155.54100037,116.45999908,-0.2712615,113.34871323983045
-0.2536904923841119,151.70649719,113.22000122,-0.23501414,116.05332512855674
-0.2970514189402874,152.78500366,107.40000153,-0.23289186,117.20262034052472
-0.3111364637773031,158.11549377,108.91999817,-0.22801095,122.06342943481313
-0.3103157292864368,153.9980011,106.20999908000002,-0.28186435,110.59145537728958
-0.26120735770797177,148.29600525,109.55999756,-0.2759416,107.37496675487405
-0.21371669412073546,144.3500061,113.5,-0.27011037,105.3595727263479
-0.21731452678215468,146.07400513,114.33000183,-0.2236749,113.40091760707286
-0.16544112295338964,139.39100647,116.33000183,-0.22014624,108.7046006725445
-0.16376562645165693,138.16700745,115.54000092,-0.21510053,108.44721135978631
-0.22715969858804452,144.59649658,111.75,-0.19469628,116.4440926643742
-0.12118859472645727,124.28150177,109.22000122,-0.18920562,100.76673987776539
-0.11325299975903613,124.5,110.40000153,-0.18421656,101.56503841280937
-0.10964282239755874,124.25350189,110.62999725,-0.10620359,111.05733073018993
-0.09829780013595868,125.92849731,113.55000305,-0.10272954,112.99191832277458
-0.022739144490922514,116.40699768,113.76000214,-0.09859338,104.93004132344853
0.029950554597612866,114.77249908,118.20999908000002,-0.004776746,114.22426342062295
0.12851478543206052,108.78900146,122.76999664000002,-0.0014000982,108.63668455329179
0.14487544366514915,108.85900116,124.62999724999999,0.0023817047,109.11826872670186
0.16178867491410132,105.37200165,122.41999817,0.18524401,124.89152895083458
0.13288541316375468,106.93049622,121.13999939,0.18631262,126.85300306073243
0.015523393438483524,113.05500031,114.80999756,0.1881488,134.32615582463066
0.09168355001690354,110.8105011,120.97000121999999,0.03914176,115.1478207105575
0.05990802545216356,115.36849976,122.27999878000001,0.041787907,120.18950279684115
0.2598902379025303,107.11250305,134.94999695,0.043964013,111.82160017163578
0.2615659770145471,107.31900024,135.38999939,0.26356483,135.60451376365327
0.2469444414072739,107.59100342,134.16000366,0.26800978,136.426444774268
0.2971727111649305,107.55699921,139.52000427,0.26812413,136.3956232032944
0.36954860149288526,104.09999847,142.57000732,0.34217504,139.7204161612702
0.31866074486021123,106.77500153,140.80000305,0.34266448,143.36300192863007
0.255069698414103,111.07749939,139.41000366,0.34193653,149.0589605669072
0.1969968889448559,115.14649963,137.83000183,0.21011382,139.3403640567144
0.18701099894080864,120.20950317,142.69000244,0.20941818,145.38355825462483
0.15578055927176337,121.68399811,140.63999939,0.21022227,147.2646812835418
0.14372446424200325,125.51100159,143.55000305,0.12284577,140.92949708931323
0.17024923964431005,122.34999847,143.17999268,0.12395045,137.5153396814559
0.16018909938797998,124.79000092,144.77999878,0.12638627,140.56174551998473
0.15528460243902442,123.0,142.1000061,0.17802402,144.89695858955383
0.1742862080043841,121.18000031,142.30000305,0.17903557,142.87552763534126
0.19009895746146022,116.15000153,138.22999573,0.18075371,137.14454497748213
0.21495667451998446,109.65000153,133.22000122,0.2588209,138.02971266584697
0.28889743878346974,103.66999817,133.61999512,0.25622016,130.23233570761363
0.30779011084945607,102.30999756,133.80000305,0.25699303,128.60295642514353
0.275006976068197,107.66999817,137.27999878,0.24248081,133.77790060120682
0.2613350895573372,103.66000366,130.75,0.24132285,128.67553376811432
0.2218978704508059,106.22000122,129.78999329,0.2415278,131.87508398365043
0.18448652339721372,108.68000031,128.72999573,0.1908156,129.4178362961624
0.16356126836954443,108.94999695,126.76999664,0.18985477,129.63467041340635
0.13678403518540527,112.44000244,127.81999969000002,0.19026217,133.83308449775325
0.094882390067764,116.45999908,127.51000214,0.099224046,128.01563657721482
0.11384913664638807,113.22000122,126.11000061,0.10069984,124.62124419983326
0.2055865352463,107.40000153,129.47999573,0.102395676,118.39729489669494
0.19188403875457016,108.91999817,129.82000732,0.19025685,129.6427721843941
0.25477832053851834,106.20999908,133.27000427,0.19057448,126.45091939469792
0.24543629051537574,109.55999756,136.44999695,0.19047645,130.4285934010847
0.11735682546255499,113.5,126.81999968999999,0.2041803,136.67445731163025
0.1243768126685072,114.33000183,128.55000305,0.20488074,137.7540142841706
0.08553250918486643,116.33000183,126.27999878,0.2059272,140.28550565390248
0.06915352082723536,115.54000092,123.52999878000001,0.093493536,126.34224933374618
0.11552575982102908,111.75,124.66000366,0.0937972,122.23183786869049
0.11875115432268446,109.22000122,122.19000244,0.09446377,119.53734032641103
0.07373187751078114,110.40000153,118.54000092000001,0.10836299,122.36328046624222
0.0603814559888729,110.62999725,117.30999756000001,0.10889886,122.6774798344583
0.0020255017509662743,113.55000305,113.77999878,0.109260954,125.95658047565493
0.012218700455801423,113.76000214,115.15000152999998,0.0014113709,113.92055376731831
-0.032146142031760916,118.20999908,114.41000366,0.0031406283,118.58125979879408
-0.03877164315608639,122.76999664,118.01000214,0.004455231,123.31696260675238
-0.07887342066036995,124.62999725,114.80000305,-0.050333135,118.35697786598763
-0.07694819727834667,122.41999817,113.0,-0.048947804,116.42780722144278
-0.0434208532812177,121.13999939,115.87999725,-0.046356298,115.52439476730308
0.05469905856167312,114.80999756,121.08999633999998,0.012086086,116.19759507351125
-0.00016536554350876642,120.97000122,120.94999695,0.013073295,122.55148138021177
-0.01619231067839888,122.27999878,120.30000305,0.015048236,124.12010066174183
-0.1510929963011015,134.94999695,114.55999756,-0.10210245,121.17127048993862
-0.16042544735844255,135.38999939,113.66999817,-0.097898446,122.13553186880355
-0.16361064386691293,134.16000366,112.20999908,-0.093342744,121.63714380699021
-0.1907970321480552,139.52000427,112.90000153,-0.18869537,113.19322528128735
-0.21070356314547178,142.57000732,112.52999878000001,-0.18188694,116.63838903140015
-0.24076705103452045,140.80000305,106.90000153000001,-0.17713651,115.85917761959682
-0.1837744929874855,139.41000366,113.79000092,-0.22396195,108.1874674816319
-0.15577160948224578,137.83000183,116.36000061000001,-0.2137343,108.37100712300362
-0.19356648873570514,142.69000244,115.06999969,-0.20948353,112.79880070095689
-0.18053185082568568,140.63999939,115.25,-0.17862266,115.51850817167407
-0.1687913817149862,143.55000305,119.31999969,-0.17361918,118.6269733778434
-0.16315123749313487,143.17999268,119.81999969,-0.1696795,118.88527988845044
-0.1670120217830824,144.77999878,120.59999847,-0.17034122,120.11799233784532
-0.18606615978181862,142.1000061,115.66000366,-0.16591015,118.52417635688822
-0.22023895501244672,142.30000305,110.95999908,-0.16134328,119.34085431185312
-0.25189895931135475,138.22999573,103.41000366,-0.19044277,111.90508822705536
-0.2310463781573594,133.22000122,102.44000244,-0.18194827,108.9808479156523
-0.2756323570205501,133.61999512,96.79000092,-0.17758286,109.89137423434224
-0.31150971113524195,133.80000305,92.12000275,-0.26992294,97.68430860986786
-0.34950463400637855,137.27999878,89.30000305,-0.25844386,101.80082978377804
-0.30416823434034423,130.75,90.98000336,-0.2536455,97.58584573864937
-0.30248860882732553,129.78999329,90.52999878,-0.29445496,91.57268961388945
-0.3010175845206642,128.72999573,89.98000336,-0.28891692,91.53771857493673
-0.3205016827868238,126.76999664,86.13999939,-0.28354856,90.82454239205113
-0.24401504080460545,127.81999969,96.62999725,-0.3174449,87.24419004500353
-0.2095521980359054,127.51000214,100.79000092,-0.3058111,88.51602721176337
-0.21901516625486284,126.11000061,98.48999786,-0.30152315,88.08491610397596
-0.2358664990512045,129.47999573,98.94000244,-0.24357659,97.94170038287645
-0.25188724946992247,129.82000732,97.12000275,-0.23775339,98.95486032551004
-0.2882869705786345,133.27000427,94.84999847,-0.23333293,102.1737234266425
-0.31007694031318933,136.44999695,94.13999939,-0.2967485,95.9586624452033
-0.27093518919720794,126.81999969,92.45999908,-0.28715152,90.40344458535432
-0.27499031708502153,128.55000305,93.19999695,-0.28191504,92.30982011823482
-0.25459298258317575,126.27999878,94.12999725,-0.25505027,94.07224701119769
-0.24382737324916537,123.52999878,93.41000366,-0.24968123,92.68687620415227
-0.24635011878997726,124.66000366,93.94999695,-0.24467039,94.15939181212904
-0.2436369889150155,122.19000244,92.41999817,-0.22839889,94.28193795720195
-0.1855913601253244,118.54000092,96.54000092,-0.22304189,92.10061483099332
-0.18591763714635612,117.30999756,95.5,-0.21877164,91.64589741762386
-0.1727017203436113,113.77999878,94.12999725,-0.1583845,95.7590103431727
-0.20963959243813657,115.15000153,91.01000214,-0.15285537,97.54870241555416
-0.2286513663415436,114.41000366,88.25,-0.14851722,97.41814442783395
-0.250402529651204,118.01000214,88.45999908,-0.2419011,89.46325284887602
-0.2129791283137078,114.80000305,90.34999847,-0.23275998,88.07915978789708
-0.21159295274336287,113.0,89.08999634,-0.2283493,87.19652593135834
-0.21858814981979124,115.87999725,90.55000305,-0.22748888,89.5185869955056
-0.23618795395530523,121.08999634,92.48999786,-0.22067669,94.3682603231641
-0.24282758049296504,120.94999695,91.58000183,-0.21632105,94.78596647672352
-0.264754823711536,120.30000305,88.44999695,-0.23737824,91.74340009830854
-0.23306562079853455,114.55999756,87.86000061,-0.23135817,88.05560611096413
-0.25292513823218965,113.66999817,84.91999817,-0.2264947,87.92434945533294
-0.2407984748376668,112.20999908,85.19000244,-0.23557615,85.77599919087221
-0.23144379571205476,112.90000153,86.76999664,-0.22645357,87.33339621164039
-0.25539854413566365,112.52999878,83.79000092,-0.22175094,87.576361872592
-0.20252573639041738,106.90000153,85.25,-0.21053416,84.3938999989575
-0.27023464057811875,113.79000092,83.04000092,-0.20229796,90.7705197401382
-0.29683740751915755,116.36000061,81.81999969,-0.1985915,93.25189695606807
-0.2684452895039371,115.06999969,84.18000031,-0.27949792,82.90817395345653
-0.2711496746203904,115.25,84.0,-0.27179796,83.92528568208218
-0.2807576272798765,119.31999969,85.81999969,-0.26695177,87.46731106921807
-0.289434154479424,119.81999969,85.13999939,-0.28128156,86.1168396080727
-0.3107794046060738,120.59999847,83.12000275,-0.27660444,87.2415065664683
-0.2557496186577589,115.66000366,86.08000183,-0.2709975,84.3164290120669
-0.21268924536476308,110.95999908,87.36000061,-0.21715328,86.86466791610307
-0.13093511682407388,103.41000366,89.87000275,-0.2142033,81.25923982033375
-0.07174937451124097,102.44000244,95.08999634,-0.2086199,81.06898013331045
-0.015704145733569375,96.79000092,95.26999664,-0.015216626,95.31718149007375
0.06513243400874735,92.12000275,98.12000275,-0.013618283,90.86548579865887
0.07558790335338061,89.30000305,96.05000305,-0.0097651705,88.42797528927453
0.0492415426967292,90.98000336,95.45999908,0.0596737,96.40911377998212
0.03479511291781767,90.52999878,93.68000031,0.06289925,96.22426616813911
0.08079569202629999,89.98000336,97.25,0.06647012,95.96098733654404
0.13211048677254933,86.13999939,97.51999664,0.13205189,97.51495382872017
-0.003208088262674602,96.62999725,96.31999969,0.13351086,109.53114819424277
-0.03581705106705346,100.79000092,97.18000031,0.13463666,114.36002804476979
0.007411954268063514,98.48999786,99.22000122,-0.00946901,97.55739289025824
0.03335350049138319,98.94000244,102.23999785999999,-0.0062960833,98.3170664655368
0.03531713553210336,97.12000275,100.55000305,-0.0029199347,96.83642085567874
0.08729571864588781,94.84999847,103.12999725000002,0.0627753,100.80423123952583
0.11695349703995794,94.13999939,105.15000153000001,0.06525737,100.28332259524156
0.22117677680599868,92.45999908,112.91000366,0.06766248,98.71607168677976
0.10933479370677168,93.19999695,103.38999939,0.21511447,113.24866529834117
0.08552006050334815,94.12999725,102.18000031,0.2174563,114.59916201053846
0.09313774337989367,93.41000366,102.11000061000001,0.21900098,113.86688185168968
0.06492822030900558,93.94999695,100.05000305,0.08865908,102.27951424674765
0.06297338027744304,92.41999817,98.23999786,0.08963765,100.70430843029098
0.011083485392616499,96.54000092,97.61000061,0.090211846,105.24905476733818
0.04230367455497386,95.5,99.54000092,0.02324561,97.71995222568512
0.05917348202195982,94.12999725,99.69999695,0.023034252,96.29820784210673
0.1115262199904834,91.01000214,101.16000366,0.022847898,93.08938873550628
0.1121813204532578,88.25,98.15000153,0.14544171,101.08523625135422
0.09880169523962867,88.45999908,97.19999695,0.14439608,101.23327500439898
0.04681796825270057,90.34999847,94.58000183000001,0.14410798,103.3701504309018
0.07520490352733122,89.08999634,95.79000092,0.062257085,94.636476827414
0.05819985049685772,90.55000305,95.81999969000002,0.06311728,96.26527165175983
0.010920122860515358,92.48999786,93.5,0.06442538,98.44869827292436
0.02380432699757673,91.58000183,93.76000214,0.023216888,93.70620040983653
0.06534772876552375,88.44999695,94.23000336,0.0255358,90.70864032046856
0.04905528716226115,87.86000061,92.16999816999999,0.027471103,90.27360844345351
0.0849034295262987,84.91999817,92.12999725,0.08634871,92.2527357343786
0.11398050019823436,85.19000244,94.90000153000001,0.0872304,92.6211641733234
0.08044259110622454,86.76999664,93.75,0.0889535,94.48849110449059
0.11648170453320006,83.79000092,93.55000305,0.12051626,93.88806182475165
0.10170085829912012,85.25,93.91999816999999,0.12144355,95.60305923223495
0.11091039231650335,83.04000092,92.25,0.12326916,93.27627542839667
0.10889762532092706,81.81999969,90.73000336,0.12754457,92.25569246385766
0.09800427618934049,84.18000031,92.43000031000001,0.12767325,94.92753607660279
0.12952377678571425,84.0,94.87999725,0.12864164,94.80589485168457
0.12095079582259083,85.81999969,96.19999695,0.10830425,95.11467143510458
0.1750058919045523,85.13999939,100.04000091999998,0.11027864,94.52911987288569
0.19044746963750558,83.12000275,98.94999695,0.1122257,92.44819923133477
0.13510684250411797,86.08000183,97.70999908,0.15164092,99.13325009334268
0.1516712443621857,87.36000061,100.61000061,0.15297158,100.72360189197236
0.09825296461337873,89.87000275,98.69999695,0.1552307,103.8205916297006
0.03806922788235756,95.08999634,98.70999908,0.04117827,99.00563374441006
0.030019950780592275,95.26999664,98.12999724999999,0.04384028,99.44666083676897
-0.0008153467973684991,98.12000275,98.04000092,0.046801582,102.71217264036203
0.01238932610320198,96.05000305,97.23999786,0.023566969,98.31360975363506
0.05017809518294403,95.45999908,100.24999999999999,0.025627263,97.90637686070225
0.08881297675563604,93.68000031,102.0,0.027989827,96.30209081092539
0.062107978611825265,97.25,103.29000092000001,0.05038038,102.14948895573616
0.05014363400823019,97.51999664,102.41000366,0.05202441,102.59341248845253
0.0792150880871747,96.31999969,103.94999695,0.0545037,101.56979406092124
0.04033749894520877,97.18000031,101.09999847000002,0.07291339,104.26572534919708
0.02862322419955321,99.22000122,102.05999756,0.07492782,106.65433830749042
-0.0006846605190256039,102.23999786,102.16999817,0.0777477,110.1889228072979
-0.0062655878755838446,100.55000305,99.91999817,0.019369498,102.49760462413163
-0.05139140464778791,103.12999725,97.83000183,0.021823943,105.38069424961567
-0.026153114217648432,105.15000153,102.40000153,0.024829775,107.76084928551309
-0.09210876966505988,112.91000366,102.51000214,-0.08667945,103.12302567017628
-0.006286889774978266,103.38999939,102.73999786,-0.08477313,94.62530622741431
0.0011744249328238254,102.18000031,102.30000305,-0.08002258,94.00329372791913
0.021447482390726025,102.11000061,104.30000305,0.0062787086,102.75112411131616
0.03758115337708623,100.05000305,103.80999756,0.009025842,100.95303558304097
0.08876222933582212,98.23999786,106.95999908,0.012426041,99.46072991196057
0.08810571064701889,97.61000061,106.20999908,0.097794145,107.15569010585173
0.03044001147272657,99.54000092,102.56999969000002,0.10013933,109.50787484769188
0.05295894254287625,99.69999695,104.98000335999998,0.10260979,109.930189071828
0.08560691693039435,101.16000366,109.81999969,0.041516393,105.35980518543187
0.07437590734798638,98.15000153,105.44999695,0.043565385,102.42594486996094
0.04989718366446927,97.19999695,102.05000305,0.045254752,101.59875436507373
0.09568614130782782,94.58000183,103.62999724999999,0.0796321,102.11160068197206
0.08205449978609303,95.79000092,103.65000152999998,0.08234169,103.6775096598855
0.0853684025930308,95.81999969,104.00000000000001,0.082833916,103.75714263488348
0.130053515080214,93.5,105.66000366000002,0.11159797,103.93441438674927
0.1287329289090393,93.76000214,105.83000182999999,0.11016779,104.08932984463104
0.13148677648524276,94.23000336,106.62000275,0.10863195,104.46639411659162
0.19550835008983714,92.16999817,110.19000244,0.15515448,106.47058507526486
0.21762730552995868,92.12999725,112.18000031000001,0.1537351,106.29361719427848
0.16185458759075333,94.90000153,110.26000214000001,0.15285979,109.40639744954827
0.1861333007999999,93.75,111.19999694999998,0.17680773,110.32572761178017
0.21218597362728775,93.55000305,113.40000152999998,0.17735912,110.1419477847853
0.22977004099743592,93.91999817,115.5,0.17799582,110.6373634715565
0.2807588241734418,92.25,118.15000153,0.2533123,115.61806422472
0.2812740625473289,90.73000336,116.25,0.25405034,113.77999464944796
0.24429299744962862,92.43000031,115.01000214,0.2542022,115.9259030296222
0.21195195186412175,94.87999725,114.98999786,0.2113576,114.93360514349807
0.21361750209494157,96.19999695,116.75,0.21129999,116.52705779177916
0.14954017335488845,100.04000092,115.0,0.21162501,121.21096411117783
0.21384542003262785,98.94999695,120.11000061,0.16353118,115.13140712747081
0.24511313893669118,97.70999908,121.66000366000002,0.16406216,113.74051086024379
0.1984892267063072,100.61000061,120.58000183,0.16550922,117.26188373136162
0.24387031847826224,98.69999695,122.76999664000002,0.221899,120.60143079011469
0.2587377282751364,98.70999908,124.25000000000001,0.22160219,120.58435218241947
0.27687767819640907,98.12999725,125.30000305000002,0.22146988,119.86283588198567
0.29141166281009045,98.04000092,126.61000061,0.27733052,125.2294851372031
0.24670923517027732,97.23999786,121.23000336000001,0.27558386,124.03777213349363
0.2394014962593516,100.25,124.25,0.27341634,127.65998214483261
0.21009804225490192,102.0,123.43000031,0.21664327,124.09762001037598
0.22538482488765577,103.29000092,126.56999969,0.21769682,125.77590213866216
0.23679327344338064,102.41000366,126.66000365999999,0.21766043,124.7006087952831
0.21616163424043267,103.94999695,126.41999816999999,0.21879786,126.69404028853715
0.257270054734156,101.09999847,127.11000060999999,0.21726069,123.06505676233552
0.22957084910986558,102.05999756,125.48999786,0.216139,124.11913918111566
0.2310854559350728,102.16999817,125.77999878,0.22691178,125.35357464617371
0.24929948074677788,99.91999817,124.83000183,0.22511691,122.41368521607428
0.3303689202230897,97.83000183,130.1499939,0.22504085,119.84575472423911
0.26298828025027277,102.40000153,129.33000183,0.27321044,130.37674755348067
0.2421227116560083,102.51000214,127.33000183000001,0.2752278,130.72360298066212
0.25734860201212784,102.73999786,129.17999268,0.2751191,131.00573013657876
0.26138797109253864,102.30000305,129.03999329,0.26243553,129.1471611737889
0.2262703527313079,104.30000305,127.90000153,0.2613,131.5535904849387
0.25575574293463066,103.80999756,130.36000061,0.25809643,130.6029900823862
0.2174644945780415,106.95999908,130.22000122,0.21899864,130.3840966835444
0.22756808218964908,106.20999908,130.38000488,0.21880719,129.44951376364608
0.251438052041979,102.56999969,128.36000061,0.21908736,125.04179037210963
0.2362354222351779,104.98000336,129.77999878,0.22096324,128.17672500297206
0.1576215407836703,109.81999969,127.12999725,0.21899232,133.8697397720872
0.22124231867983957,105.44999695,128.77999878,0.21948788,128.59499591578145
0.28172463636197786,102.05000305,130.80000305,0.26190752,128.77767213418798
0.29595683309737786,103.62999725,134.30000305,0.2627917,130.86309351790834
0.2993727997294704,103.65000153,134.67999268,0.26373985,130.98663472170324
0.2842307457692308,104.0,133.55999756,0.2965313,134.8392572402954
0.25714553500707305,105.66000366,132.83000183,0.29628053,136.9650027202129
0.2790323941167032,105.83000183,135.36000061,0.29600197,137.1558846300987
0.21890830386421078,106.62000275,129.96000671,0.26979744,135.38580700785408
0.17978035322021912,110.19000244,130.0,0.2700694,139.94894595814208
0.14815477530818333,112.18000031,128.80000305,0.2691623,142.37462689881522
0.1711409611260506,110.26000214,129.13000488,0.16875184,128.86657991897943
0.15242803430670415,111.19999695,128.1499939,0.1700098,130.1050919133425
0.13095236569349988,113.40000153,128.25,0.17045233,132.7292989995781
0.1446753827705627,115.5,132.21000671,0.11065014,128.2800959944725
0.13144300422253252,118.15000153,133.67999268,0.11057981,131.21501077459038
0.13281722529032258,116.25,131.69000244,0.11107104,129.16200265288353
0.11477266606718106,115.01000214,128.21000671,0.14517295,131.70634384485615
0.12105405738808317,114.98999786,128.91000366,0.14491685,131.65399096690246
0.195460448137045,116.75,139.57000732,0.14589854,133.78365927934647
0.23669566278260867,115.0,142.22000122,0.2188767,140.17082273960114
0.16509867395961875,120.11000061,139.94000244,0.22301817,146.89671307304457
0.13307580102698147,121.66000366,137.8500061,0.22523655,149.062281341265
0.1491125846502237,120.58000183,138.55999756,0.14478466,138.03813988849694
0.12739274617609864,122.76999664,138.41000366,0.1446728,140.53146984655513
0.13134814744466805,124.25,140.57000732,0.14476785,142.23740914463997
0.09872302329524985,125.30000305,137.66999817,0.12183654,140.56612226992527
0.06681941923418488,126.61000061,135.07000732,0.12171622,142.02049647806635
0.10517192127874586,121.23000336,133.97999573,0.12169407,135.98297805497154
0.07219316877263582,124.25,133.22000122,0.07909497,134.07755449414253
0.09114471637158816,123.43000031,134.67999268,0.07986807,133.2881172309116
0.060677888352770326,126.56999969,134.25,0.08133395,136.86444339490237
0.06995105284998515,126.66000366,135.52000427,0.061738297,134.47977096531534
0.042872949283796036,126.41999817,131.83999634,0.062919706,134.3743110684105
0.0483832418416037,127.11000061,133.25999451,0.06430584,135.28390863968215
0.06096104598339824,125.48999786,133.13999939,0.06472899,133.61283683137762
0.07258709626773929,125.77999878,134.91000366,0.06632951,134.12292059505887
0.0820316057028132,124.83000183,135.07000732,0.068830326,133.42209715578295
0.06039186306869282,130.1499939,138.00999451,0.04111173,135.5006824047308
0.06796561637379517,129.33000183,138.11999512,0.0434371,134.94772506570368
0.07806488884898477,127.33000183,137.27000427,0.04658425,133.26157428220208
0.0478402870428154,129.17999268,135.36000061,0.06502883,137.58041086462998
0.06827350641750796,129.03999329,137.8500061,0.06735982,137.73210208903805
0.08076617729810609,127.90000153,138.22999573,0.069477916,136.78622706249826
0.09772940649267481,130.36000061,143.1000061,0.06285516,138.5537946747164
0.08454918143795132,130.22000122,141.22999573,0.064900234,138.6713156364319
0.11098328484738129,130.38000488,144.8500061,0.06729169,139.15350182665455
0.12745403967165037,128.36000061,144.72000122,0.1303454,145.0911291151088
0.08175374256233292,129.77999878,140.38999939,0.13233276,146.95414963860404
0.10107762729460767,127.12999725,139.97999573,0.13374609,144.1331445701101
0.06872189923777539,128.77999878,137.63000488,0.0890919,140.25325316835912
0.034327141707203745,130.80000305,135.28999329,0.09146266,142.76331299845558
-0.03700670965844777,134.30000305,129.33000183,0.09304221,146.79557810613682
-0.04128302540979911,134.67999268,129.11999512,-0.0361424,129.81233332093953
-0.017145802125155485,133.55999756,131.27000427,-0.032472335,129.22299558835581
-0.051569663296149204,132.83000183,125.98000336,-0.030820109,128.73616373277045
-0.06929666967884918,135.36000061,125.98000336,-0.066537954,126.3534201021877
-0.030624831829081045,129.96000671,125.98000336,-0.06227515,121.86672503259685
-0.02215382500000007,130.0,127.12000275,-0.060157917,122.17947363853455
0.00512425189729071,128.80000305,129.46000671,-0.012019016,127.25195089313318
-0.03415165719306057,129.13000488,124.72000122,-0.010592453,127.76220038685676
-0.008973811585955893,128.1499939,127.0,-0.0090403035,126.99148001278493
-0.017855757660818705,128.25,125.95999908,-0.006545916,127.41048815846443
-0.03214588468573554,132.21000671,127.95999908,-0.005662717,131.46133591220593
-0.04054457261210542,133.67999268,128.25999451,-0.0040341616,133.14070599116152
-0.0167818867723607,131.69000244,129.47999573,-0.024552293,128.4567118800476
0.02823488753251624,128.21000671,131.83000183,-0.022581868,125.3147843231536
0.026530122355905128,128.91000366,132.33000183,-0.020314373,126.291274871064
-0.07007246196940298,139.57000732,129.78999329,-0.047446303,132.9479254133926
-0.06799323644387756,142.22000122,132.55000305,-0.043679588,136.00788916672235
-0.06052594735112682,139.94000244,131.47000122,-0.0390765,134.4716359422657
-0.07051143119245751,137.8500061,128.13000488,-0.04329706,131.88150716483315
-0.07332566280971864,138.55999756,128.3999939,-0.0394369,133.09562401044352
-0.09565786532687104,138.41000366,125.16999817,-0.03605061,133.4202375329099
-0.09966571125024537,140.57000732,126.55999756,-0.10469162,125.85350487781312
-0.06617273720560846,137.66999817,128.55999756,-0.099139996,124.02139614531524
-0.10128087057543522,135.07000732,121.38999939,-0.09558553,122.1592697537206
-0.10755334004517669,133.97999573,119.56999969,-0.0892747,122.018971208144
-0.04113498956474482,133.22000122,127.73999786,-0.08307523,122.15271959708946
-0.014627161249412213,134.67999268,132.71000671,-0.08054253,123.83252872479804
-0.00864062316573555,134.25,133.08999634,-0.016462319,132.03993272781372
0.010920865432171745,135.52000427,137.0,-0.015651606,133.39890158399658
0.04725433216740638,131.83999634,138.07000732,-0.012279816,130.22102642949977
0.04007212824550477,133.25999451,138.6000061,0.037041575,138.1961505819143
0.04957192526843057,133.13999939,139.74000549,0.038157642,138.2203157434099
0.057816343031592776,134.91000366,142.71000671,0.039591648,140.2513160095049
0.05189897186717629,135.07000732,142.08000183,0.05726858,142.80528018011663
0.018766840758133174,138.00999451,140.60000610000003,0.05830407,146.05653908746697
0.039386060181030746,138.11999512,143.55999756,0.05982979,146.38369110278782
0.03875567789402834,137.27000427,142.58999634,0.048023544,143.86220150822757
0.07712767725289682,135.36000061,145.80000305,0.04966595,142.0827806390755
0.03881023295798025,137.8500061,143.19999695,0.05149968,144.94924342105102
0.03327791537362845,138.22999573,142.83000183,0.037585698,143.42547176293695
0.014535195606815599,143.1000061,145.17999268,0.039873123,148.80585026870213
0.03469524391523526,141.22999573,146.13000488,0.042396322,147.21762598538822
-0.006558592751070624,144.8500061,143.8999939,0.012104325,146.60331009505876
0.013750728808900714,144.72000122,146.71000671,0.014801823,146.8621263963682
0.045231185466137136,140.38999939,146.74000549,0.017686613,142.87302191882682
0.055365053839182554,139.97999573,147.72999573,0.050828427,147.09496290683762
0.06829901596091559,137.63000488,147.02999878,0.052220106,144.81705834080108
0.08152867600752023,135.28999329,146.32000732,0.053448446,142.5210321955631
0.1295909245561635,129.33000183,146.08999634,0.13243426,146.4577234857286
0.13870821202676642,129.11999512,147.02999878,0.13329658,146.3312526138912
0.10337466007915141,131.27000427,144.83999634,0.1350385,148.99650809363698
0.16589935674375433,125.98000336,146.88000488,0.15104388,145.00851336991838
0.14716622015813208,125.98000336,144.52000427,0.15179482,145.10311166813003
0.16589935674375433,125.98000336,146.88000488,0.15343927,145.310284794631
0.1596915904723737,127.12000275,147.41999817,0.1563958,147.00103638130608
0.12691172430420483,129.46000671,145.88999939,0.15731502,149.82600971012567
0.18248872905198654,124.72000122,147.47999573,0.15831041,144.4644761674722
0.1719684751181103,127.0,148.83999634,0.16181102,147.5499962568283
0.17037154054256765,125.95999908,147.41999817,0.16238418,146.41390676847433
0.1720068951097713,127.95999908,149.97000122,0.16269338,148.7782440026869
0.2012319812471821,128.25999451,154.07000732,0.1712341,150.22248319394808
0.18775099136311968,129.47999573,153.78999329,0.17202951,151.7543740390132
0.153910286037656,131.83000183,152.11999512,0.17401212,154.77002838402274
0.16254813128192347,132.33000183,153.83999634,0.15091377,152.30041406009818
0.182063380088183,129.78999329,153.41999817,0.15110002,149.40126640050266
0.15737457661265597,132.55000305,153.41000366,0.15120572,152.59232940124184
0.1663496989203117,131.47000122,153.33999634,0.16579694,153.26733237634718
